{
  "global": {
    "num_edges": 88536,
    "num_total_mutations": 88536,
    "num_unique_root_prompts": 3079,
    "edge_level_attack_success_rate": 0.4147465437788018,
    "edge_level_semantic_preservation": {
      "mean": 0.5849796384054073,
      "std": 0.1802795114429944
    },
    "edge_level_judge_consistent_obfuscation": 0.22112266245526604,
    "edge_level_depth_of_success": {
      "mean": 3.3788943355119825,
      "max": 6
    },
    "root_level_attack_success_rate": 0.9922052614485223,
    "root_level_semantic_preservation": {
      "mean": 0.560334190967896,
      "std": 0.18035769602814627
    },
    "root_level_judge_consistent_obfuscation": 0.6400803024842778,
    "root_level_depth_of_success": {
      "mean": 1.2409165302782323,
      "max": 5
    },
    "mutation_efficiency_index": 0.09654976087652024,
    "semantic_drift_rate": {
      "mean": 0.093220437088397,
      "std": 0.1709748569784633
    }
  },
  "per_transformation": {
    "Philosophical/Ethical Inquiry": {
      "num_edges": 1851,
      "global_attack_success_rate": 0.7309562398703403,
      "root_level_attack_success_rate": 0.9961832061068703,
      "global_semantic_preservation": {
        "mean": 0.545490041716293,
        "std": 0.1803339152284227
      },
      "root_level_semantic_preservation": {
        "mean": 0.528961016162572,
        "std": 0.17912539648316075
      },
      "global_judge_consistent_obfuscation": 0.37957062716241113,
      "root_level_judge_consistent_obfuscation": 0.6110815788043364,
      "global_depth_of_success": {
        "mean": 2.033259423503326,
        "median": 2.0
      },
      "root_level_depth_of_success": {
        "mean": 1.0459770114942528,
        "median": 1.0
      },
      "mutation_efficiency_index": 0.26170781777915725,
      "semantic_drift_rate": {
        "mean": 0.22766025035643597,
        "std": 0.2182059514970574
      }
    },
    "News": {
      "num_edges": 6552,
      "global_attack_success_rate": 0.4314713064713065,
      "root_level_attack_success_rate": 0.9911894273127754,
      "global_semantic_preservation": {
        "mean": 0.6668085596225394,
        "std": 0.16273684868561
      },
      "root_level_semantic_preservation": {
        "mean": 0.650961169219201,
        "std": 0.1662570650264064
      },
      "global_judge_consistent_obfuscation": 0.26928629166311874,
      "root_level_judge_consistent_obfuscation": 0.6801611185073853,
      "global_depth_of_success": {
        "mean": 3.629642730810046,
        "median": 3.0
      },
      "root_level_depth_of_success": {
        "mean": 1.3244444444444445,
        "median": 1.0
      },
      "mutation_efficiency_index": 0.10311022851593685,
      "semantic_drift_rate": {
        "mean": 0.0696000675567038,
        "std": 0.12989694450408099
      }
    },
    "Euphemistic Reduction": {
      "num_edges": 20166,
      "global_attack_success_rate": 0.21794108896161857,
      "root_level_attack_success_rate": 0.9473684210526315,
      "global_semantic_preservation": {
        "mean": 0.6331370955668955,
        "std": 0.1559590915641163
      },
      "root_level_semantic_preservation": {
        "mean": 0.6115293942691474,
        "std": 0.15723655717622567
      },
      "global_judge_consistent_obfuscation": 0.1204031268215995,
      "root_level_judge_consistent_obfuscation": 0.6370762560824702,
      "global_depth_of_success": {
        "mean": 4.265301478953356,
        "median": 5.0
      },
      "root_level_depth_of_success": {
        "mean": 1.619047619047619,
        "median": 1.0
      },
      "mutation_efficiency_index": 0.03764328739146694,
      "semantic_drift_rate": {
        "mean": 0.04463368257420673,
        "std": 0.09531729351813793
      }
    },
    "Always Safe": {
      "num_edges": 1818,
      "global_attack_success_rate": 0.6083608360836084,
      "root_level_attack_success_rate": 1.0,
      "global_semantic_preservation": {
        "mean": 0.6045008437831991,
        "std": 0.16909334562862532
      },
      "root_level_semantic_preservation": {
        "mean": 0.5889456139644773,
        "std": 0.16957205270657086
      },
      "global_judge_consistent_obfuscation": 0.3445040299137081,
      "root_level_judge_consistent_obfuscation": 0.6359869021523211,
      "global_depth_of_success": {
        "mean": 2.3318264014466545,
        "median": 1.0
      },
      "root_level_depth_of_success": {
        "mean": 1.0223214285714286,
        "median": 1.0
      },
      "mutation_efficiency_index": 0.23278854291346146,
      "semantic_drift_rate": {
        "mean": 0.1835681076009929,
        "std": 0.24069384379873104
      }
    },
    "Checklist Abstraction": {
      "num_edges": 7074,
      "global_attack_success_rate": 0.48968052021487135,
      "root_level_attack_success_rate": 0.9844357976653697,
      "global_semantic_preservation": {
        "mean": 0.5348444044589865,
        "std": 0.1631519834614867
      },
      "root_level_semantic_preservation": {
        "mean": 0.5056073242859925,
        "std": 0.1564574356365445
      },
      "global_judge_consistent_obfuscation": 0.23699460544211093,
      "root_level_judge_consistent_obfuscation": 0.6352729647192046,
      "global_depth_of_success": {
        "mean": 3.4390877598152425,
        "median": 3.0
      },
      "root_level_depth_of_success": {
        "mean": 1.6521739130434783,
        "median": 2.0
      },
      "mutation_efficiency_index": 0.09237270861829729,
      "semantic_drift_rate": {
        "mean": 0.10779927435748654,
        "std": 0.1498734373751953
      }
    },
    "Analogy Transform": {
      "num_edges": 3774,
      "global_attack_success_rate": 0.5100688924218336,
      "root_level_attack_success_rate": 0.9959677419354839,
      "global_semantic_preservation": {
        "mean": 0.5112371719938322,
        "std": 0.22057150468409578
      },
      "root_level_semantic_preservation": {
        "mean": 0.4920976999354188,
        "std": 0.21846660265952936
      },
      "global_judge_consistent_obfuscation": 0.24573406981966628,
      "root_level_judge_consistent_obfuscation": 0.5689827229587301,
      "global_depth_of_success": {
        "mean": 3.0633766233766235,
        "median": 2.0
      },
      "root_level_depth_of_success": {
        "mean": 1.1336032388663968,
        "median": 1.0
      },
      "mutation_efficiency_index": 0.1159356520982876,
      "semantic_drift_rate": {
        "mean": 0.12887496964203488,
        "std": 0.24180516211728598
      }
    },
    "Prepend and Append Benign": {
      "num_edges": 1506,
      "global_attack_success_rate": 0.7463479415670651,
      "root_level_attack_success_rate": 1.0,
      "global_semantic_preservation": {
        "mean": 0.508377942575728,
        "std": 0.21601955225783864
      },
      "root_level_semantic_preservation": {
        "mean": 0.4716330053253459,
        "std": 0.21032186372125788
      },
      "global_judge_consistent_obfuscation": 0.347005799953216,
      "root_level_judge_consistent_obfuscation": 0.5583402609695559,
      "global_depth_of_success": {
        "mean": 1.811387900355872,
        "median": 2.0
      },
      "root_level_depth_of_success": {
        "mean": 1.0565217391304347,
        "median": 1.0
      },
      "mutation_efficiency_index": 0.232620872893165,
      "semantic_drift_rate": {
        "mean": 0.29934167568442,
        "std": 0.28999609907164137
      }
    },
    "Third-Person Distance": {
      "num_edges": 9213,
      "global_attack_success_rate": 0.39693910778248126,
      "root_level_attack_success_rate": 0.9864253393665159,
      "global_semantic_preservation": {
        "mean": 0.5898812862361188,
        "std": 0.15714005407307385
      },
      "root_level_semantic_preservation": {
        "mean": 0.5675957638859334,
        "std": 0.15576641074552414
      },
      "global_judge_consistent_obfuscation": 0.22396401676123814,
      "root_level_judge_consistent_obfuscation": 0.7163178880290209,